{
  "shaders": {
    "uv": {
      "vert": "shaders/vert.uv.glsl",
      "frag": "shaders/frag.uv.glsl"
    },
    "rgb": {
      "vert": "shaders/vert.rgb.glsl",
      "frag": "shaders/frag.rgb.glsl"
    }
  },
  "uvmodels": {
    "benches1": {
      "model": "models/benches1.obj",
      "material": {
        "shader": "uv",
        "imageID": "benchesColor",
        "flipTexture": true,
        "diffuse": 0.7,
        "specular": 0.3,
        "ambient": 1,
        "shininess": 0.1
      },
      "transform": {
        "position": {
          "x": 0,
          "y": 0,
          "z": 0
        },
        "rotation": {
          "theta": 0,
          "x": 1,
          "y": 0,
          "z": 0,
          "normalized": true
        },
        "scale": {
          "x": 1,
          "y": 1,
          "z": 1
        }
      }
    },
    "benches2": {
      "model": "models/benches2.obj",
      "material": {
        "shader": "uv",
        "imageID": "benchesColor",
        "flipTexture": true,
        "diffuse": 0.7,
        "specular": 0.3,
        "ambient": 1,
        "shininess": 0.1
      },
      "transform": {
        "position": {
          "x": 0,
          "y": 0,
          "z": 0
        },
        "rotation": {
          "theta": 0,
          "x": 1,
          "y": 0,
          "z": 0,
          "normalized": true
        },
        "scale": {
          "x": 1,
          "y": 1,
          "z": 1
        }
      }
    },
    "entryBooth": {
      "model": "models/entryBooth.obj",
      "material": {
        "shader": "uv",
        "imageID": "entranceStand",
        "flipTexture": true,
        "diffuse": 0.7,
        "specular": 0.3,
        "ambient": 1,
        "shininess": 0.1
      },
      "transform": {
        "position": {
          "x": 0,
          "y": 0,
          "z": 0
        },
        "rotation": {
          "theta": 0,
          "x": 1,
          "y": 0,
          "z": 0,
          "normalized": true
        },
        "scale": {
          "x": 1,
          "y": 1,
          "z": 1
        }
      }
    },
    "entryDoorDecor": {
      "model": "models/entryDoorDecor.obj",
      "material": {
        "shader": "uv",
        "imageID": "doorDecor",
        "flipTexture": true,
        "diffuse": 0.7,
        "specular": 0.3,
        "ambient": 1,
        "shininess": 0.1
      },
      "transform": {
        "position": {
          "x": 0,
          "y": 0,
          "z": 0
        },
        "rotation": {
          "theta": 0,
          "x": 1,
          "y": 0,
          "z": 0,
          "normalized": true
        },
        "scale": {
          "x": 1,
          "y": 1,
          "z": 1
        }
      }
    },
    "entryFloor": {
      "model": "models/entryFloor.obj",
      "material": {
        "shader": "uv",
        "imageID": "checkerfloor",
        "flipTexture": true,
        "diffuse": 0.7,
        "specular": 0.3,
        "ambient": 1,
        "shininess": 0.1
      },
      "transform": {
        "position": {
          "x": 0,
          "y": 0,
          "z": 0
        },
        "rotation": {
          "theta": 0,
          "x": 1,
          "y": 0,
          "z": 0,
          "normalized": true
        },
        "scale": {
          "x": 1,
          "y": 1,
          "z": 1
        }
      }
    },
    "entryPokeMarts": {
      "model": "models/entryPokeMarts.obj",
      "material": {
        "shader": "uv",
        "imageID": "PokeMarts",
        "flipTexture": true,
        "diffuse": 0.7,
        "specular": 0.3,
        "ambient": 1,
        "shininess": 0.1
      },
      "transform": {
        "position": {
          "x": 0,
          "y": 0,
          "z": 0
        },
        "rotation": {
          "theta": 0,
          "x": 1,
          "y": 0,
          "z": 0,
          "normalized": true
        },
        "scale": {
          "x": 1,
          "y": 1,
          "z": 1
        }
      }
    },
    "entryWalls": {
      "model": "models/entryWalls.obj",
      "material": {
        "shader": "uv",
        "imageID": "MainWalls",
        "flipTexture": true,
        "diffuse": 0.7,
        "specular": 0.3,
        "ambient": 1,
        "shininess": 0.1
      },
      "transform": {
        "position": {
          "x": 0,
          "y": 0,
          "z": 0
        },
        "rotation": {
          "theta": 0,
          "x": 1,
          "y": 0,
          "z": 0,
          "normalized": true
        },
        "scale": {
          "x": 1,
          "y": 1,
          "z": 1
        }
      }
    },
    "gymEntranceDecor": {
      "model": "models/gymEntranceDecor.obj",
      "material": {
        "shader": "uv",
        "imageID": "doorDecor",
        "flipTexture": true,
        "diffuse": 0.7,
        "specular": 0.3,
        "ambient": 1,
        "shininess": 0.1
      },
      "transform": {
        "position": {
          "x": 0,
          "y": 0,
          "z": 0
        },
        "rotation": {
          "theta": 0,
          "x": 1,
          "y": 0,
          "z": 0,
          "normalized": true
        },
        "scale": {
          "x": 1,
          "y": 1,
          "z": 1
        }
      }
    },
    "gymFloor": {
      "model": "models/gymFloor.obj",
      "material": {
        "shader": "uv",
        "imageID": "gymFloor",
        "flipTexture": true,
        "diffuse": 0.7,
        "specular": 0.3,
        "ambient": 1,
        "shininess": 0.1
      },
      "transform": {
        "position": {
          "x": 0,
          "y": 0,
          "z": -39.9614
        },
        "rotation": {
          "theta": 3.14159,
          "x": 1,
          "y": 0,
          "z": 0,
          "normalized": true
        },
        "scale": {
          "x": 1,
          "y": 1,
          "z": 1
        }
      }
    },
    "gymWalls": {
      "model": "models/gymWalls.obj",
      "material": {
        "shader": "uv",
        "imageID": "MainWalls",
        "flipTexture": true,
        "diffuse": 0.7,
        "specular": 0.3,
        "ambient": 1,
        "shininess": 0.1
      },
      "transform": {
        "position": {
          "x": 0,
          "y": 0,
          "z": 0
        },
        "rotation": {
          "theta": 0,
          "x": 1,
          "y": 0,
          "z": 0,
          "normalized": true
        },
        "scale": {
          "x": 1,
          "y": 1,
          "z": 1
        }
      }
    },
    "photograph": {
      "model": "models/photograph.obj",
      "material": {
        "shader": "uv",
        "imageID": "donaldAndGoofy",
        "flipTexture": true,
        "diffuse": 0.7,
        "specular": 0.3,
        "ambient": 1,
        "shininess": 0.1
      },
      "transform": {
        "position": {
          "x": 3.5,
          "y": 1,
          "z": -80.5
        },
        "rotation": {
          "theta": 1.5707963267948966192313216916398,
          "x": 0,
          "y": 1,
          "z": 0,
          "normalized": true
        },
        "scale": {
          "x": 1,
          "y": 1,
          "z": 1
        }
      }
    },
    "walkWayFloor": {
      "model": "models/walkWayFloor.obj",
      "material": {
        "shader": "uv",
        "imageID": "walkWayPath",
        "flipTexture": true,
        "diffuse": 0.7,
        "specular": 0.3,
        "ambient": 1,
        "shininess": 0.1
      },
      "transform": {
        "position": {
          "x": 0,
          "y": 0,
          "z": 0
        },
        "rotation": {
          "theta": 0,
          "x": 1,
          "y": 0,
          "z": 0,
          "normalized": true
        },
        "scale": {
          "x": 1,
          "y": 1,
          "z": 1
        }
      }
    },
    "walkWayOuterFence": {
      "model": "models/walkWayOuterFence.obj",
      "material": {
        "shader": "uv",
        "imageID": "walkwayFences",
        "flipTexture": true,
        "diffuse": 0.7,
        "specular": 0.3,
        "ambient": 1,
        "shininess": 0.1
      },
      "transform": {
        "position": {
          "x": 0,
          "y": 0,
          "z": 0
        },
        "rotation": {
          "theta": 0,
          "x": 1,
          "y": 0,
          "z": 0,
          "normalized": true
        },
        "scale": {
          "x": 1,
          "y": 1,
          "z": 1
        }
      }
    },
    "walkWayPathFence": {
      "model": "models/walkWayPathFence.obj",
      "material": {
        "shader": "uv",
        "imageID": "walkwayFences",
        "flipTexture": true,
        "diffuse": 0.7,
        "specular": 0.3,
        "ambient": 1,
        "shininess": 0.1
      },
      "transform": {
        "position": {
          "x": 0,
          "y": 0,
          "z": 0
        },
        "rotation": {
          "theta": 0,
          "x": 1,
          "y": 0,
          "z": 0,
          "normalized": true
        },
        "scale": {
          "x": 1,
          "y": 1,
          "z": 1
        }
      }
    },
    "gymRoof": {
      "model": "models/gymRoof.obj",
      "material": {
        "shader": "uv",
        "imageID": "roofColor",
        "flipTexture": true,
        "diffuse": 0.7,
        "specular": 0.3,
        "ambient": 1,
        "shininess": 0.1
      },
      "transform": {
        "position": {
          "x": 0,
          "y": 0,
          "z": 0
        },
        "rotation": {
          "theta": 0,
          "x": 1,
          "y": 0,
          "z": 0,
          "normalized": true
        },
        "scale": {
          "x": 1,
          "y": 1,
          "z": 1
        }
      }
    },
    "entryRoof": {
      "model": "models/entryRoof.obj",
      "material": {
        "shader": "uv",
        "imageID": "roofColor",
        "flipTexture": true,
        "diffuse": 0.7,
        "specular": 0.3,
        "ambient": 1,
        "shininess": 0.1
      },
      "transform": {
        "position": {
          "x": 0,
          "y": 0,
          "z": 0
        },
        "rotation": {
          "theta": 0,
          "x": 1,
          "y": 0,
          "z": 0,
          "normalized": true
        },
        "scale": {
          "x": 1,
          "y": 1,
          "z": 1
        }
      }
    },
    "entrySign": {
      "model": "models/entrySign.obj",
      "material": {
        "shader": "uv",
        "imageID": "WallTexturev2",
        "flipTexture": true,
        "diffuse": 0.7,
        "specular": 0.3,
        "ambient": 1,
        "shininess": 0.1
      },
      "transform": {
        "position": {
          "x": 0,
          "y": 0,
          "z": 0
        },
        "rotation": {
          "theta": 0,
          "x": 1,
          "y": 0,
          "z": 0,
          "normalized": true
        },
        "scale": {
          "x": 1,
          "y": 1,
          "z": 1
        }
      }
    }

  },
  "camera": {
    "startPos": {
      "x": -0.3588963777181066,
      "y": 3.5,
      "z": -95
    },
    "startLook": {
      "target": {
        "x": 0,
        "y": 0,
        "z": 0
      },
      "up": {
        "x": 0,
        "y": 1,
        "z": 0
      }
    },
    "nearClip": 0.01,
    "farClip": 1000.0
  },
  "ambientLight": {
    "r": 0.0,
    "g": 0.0,
    "b": 0.0
  },
  "pointLights": [
    {
      "ambient": {
        "r": 0,
        "g": 0,
        "b": 0
      },
      "diffuse": {
        "r": 0,
        "g": 0,
        "b": 0
      },
      "specular": {
        "r": 100,
        "g": 100,
        "b": 50
      },
      "position": {
        "x": 9.861791865573027,
        "y": 5.5,
        "z": -4.722769235869712
      }
    },
    {
      "ambient": {
        "r": 0,
        "g": 0,
        "b": 0
      },
      "diffuse": {
        "r": 0,
        "g": 0,
        "b": 0
      },
      "specular": {
        "r": 100,
        "g": 100,
        "b": 50
      },
      "position": {
        "x": -9.861791865573027,
        "y": 5.5,
        "z": -4.722769235869712
      }
    },
    {
      "ambient": {
        "r": 0,
        "g": 0,
        "b": 0
      },
      "diffuse": {
        "r": 0,
        "g": 0,
        "b": 0
      },
      "specular": {
        "r": 100,
        "g": 100,
        "b": 50
      },
      "position": {
        "x": 9.861791865573027,
        "y": 5.5,
        "z": -20.702900622045302
      }
    },
    {
      "ambient": {
        "r": 0,
        "g": 0,
        "b": 0
      },
      "diffuse": {
        "r": 0,
        "g": 0,
        "b": 0
      },
      "specular": {
        "r": 100,
        "g": 100,
        "b": 50
      },
      "position": {
        "x": -9.861791865573027,
        "y": 5,
        "z": -20.702900622045302
      }
    },
    {
      "ambient": {
        "r": 0,
        "g": 0,
        "b": 0
      },
      "diffuse": {
        "r": 0,
        "g": 0,
        "b": 0
      },
      "specular": {
        "r": 100,
        "g": 100,
        "b": 50
      },
      "position": {
        "x": 9.861791865573027,
        "y": 5,
        "z": -34.43894770710239
      }
    },
    {
      "ambient": {
        "r": 0,
        "g": 0,
        "b": 0
      },
      "diffuse": {
        "r": 0,
        "g": 0,
        "b": 0
      },
      "specular": {
        "r": 100,
        "g": 100,
        "b": 50
      },
      "position": {
        "x": -9.861791865573027,
        "y": 5,
        "z": -34.43894770710239
      }
    },
    {
      "ambient": {
        "r": 0,
        "g": 0,
        "b": 0
      },
      "diffuse": {
        "r": 0,
        "g": 0,
        "b": 0
      },
      "specular": {
        "r": 200,
        "g": 200,
        "b": 200
      },
      "position": {
        "x": 17.68266190455848,
        "y": 5,
        "z": -54.07380161061141
      }
    },
    {
      "ambient": {
        "r": 0,
        "g": 0,
        "b": 0
      },
      "diffuse": {
        "r": 0,
        "g": 0,
        "b": 0
      },
      "specular": {
        "r": 200,
        "g": 200,
        "b": 200
      },
      "position": {
        "x": -17.68266190455848,
        "y": 5,
        "z": -54.07380161061141
      }
    },
    {
      "ambient": {
        "r": 0,
        "g": 0,
        "b": 0
      },
      "diffuse": {
        "r": 0,
        "g": 0,
        "b": 0
      },
      "specular": {
        "r": 100,
        "g": 100,
        "b": 100
      },
      "position": {
        "x": 0,
        "y": 0,
        "z": 0
      }
    }
  ],
  "directionalLights": [
    {
      "ambient": {
        "r": 0,
        "g": 0,
        "b": 0
      },
      "diffuse": {
        "r": 1,
        "g": 1,
        "b": 1.25
      },
      "specular": {
        "r": 0,
        "g": 0,
        "b": 0
      },
      "direction":
      {
        "x": 10,
        "y": -10,
        "z": 30
      }
    }
  ]
}
